difficulty,category,xp_reward,user_streak,category_familiarity,completed
Medium,Mind,125,10,0.2969,1
Epic,Health,505,25,0.0006,1
Hard,Mind,246,25,0.9631,1
Medium,Endurance,131,13,0.9175,1
Easy,Strength,63,6,0.7646,1
Easy,Endurance,56,0,0.0791,1
Easy,Strength,69,25,0.4475,1
Hard,Intellect,260,24,0.1019,0
Medium,Discipline,118,12,0.0159,0
Hard,Endurance,252,19,0.6162,1
Easy,Mind,63,2,0.9608,1
Epic,Intellect,499,19,0.9029,1
Hard,Discipline,260,3,0.6968,0
Easy,Mind,67,28,0.0966,1
Easy,Health,61,25,0.2742,1
Easy,Mind,74,10,0.3201,1
Easy,Strength,71,1,0.7632,1
Medium,Strength,117,13,0.8022,1
Medium,Health,119,11,0.3851,1
Easy,Intellect,73,29,0.4179,1
Medium,Discipline,126,16,0.0445,1
Easy,Mind,61,11,0.2891,1
Easy,Strength,63,25,0.4513,1
Medium,Intellect,120,11,0.117,1
Medium,Health,131,0,0.4533,0
Hard,Endurance,260,12,0.8532,0
Easy,Strength,57,13,0.5813,1
Medium,Health,118,23,0.0789,1
Medium,Mind,124,29,0.1917,1
Easy,Discipline,59,1,0.4745,1
Medium,Strength,124,11,0.3615,1
Easy,Strength,66,25,0.3587,1
Easy,Mind,64,20,0.5293,1
Epic,Endurance,507,27,0.5844,1
Epic,Intellect,505,15,0.7969,0
Hard,Discipline,260,3,0.341,1
Easy,Strength,62,7,0.8055,1
Easy,Discipline,62,1,0.3386,1
Medium,Strength,122,9,0.0554,1
Medium,Discipline,127,8,0.5542,0
Easy,Health,56,22,0.5879,1
Medium,Strength,126,14,0.9345,1
Easy,Discipline,64,12,0.7261,1
Epic,Intellect,506,22,0.9178,0
Easy,Health,65,16,0.9083,1
Medium,Health,129,29,0.6046,1
Easy,Intellect,70,15,0.5278,1
Medium,Discipline,131,27,0.5574,1
Medium,Mind,116,1,0.9783,1
Easy,Intellect,72,19,0.7732,1
Epic,Discipline,506,19,0.1063,1
Hard,Intellect,263,26,0.7784,1
Epic,Intellect,512,13,0.1705,1
Hard,Strength,261,2,0.4474,1
Medium,Discipline,120,22,0.2105,1
Epic,Mind,509,11,0.6896,1
Easy,Strength,57,7,0.8773,1
Easy,Intellect,60,1,0.2904,1
Easy,Endurance,57,3,0.082,0
Easy,Intellect,55,13,0.2985,0
Medium,Intellect,127,15,0.6724,1
Easy,Discipline,68,18,0.3288,1
Hard,Discipline,257,1,0.2781,0
Medium,Strength,118,11,0.1844,0
Easy,Mind,61,28,0.4975,1
Medium,Strength,124,13,0.2759,1
Easy,Health,61,5,0.731,1
Hard,Intellect,259,12,0.0766,0
Easy,Endurance,69,3,0.664,1
Epic,Intellect,498,21,0.2376,1
Hard,Intellect,250,17,0.4893,1
Easy,Strength,74,11,0.2861,1
Easy,Endurance,59,19,0.7228,1
Hard,Endurance,264,26,0.9453,1
Hard,Endurance,256,21,0.9171,1
Hard,Strength,245,29,0.5834,0
Hard,Intellect,252,20,0.4626,1
Easy,Strength,55,18,0.8183,1
Medium,Discipline,119,7,0.6833,1
Easy,Discipline,60,6,0.1836,1
Hard,Strength,247,15,0.8209,0
Medium,Endurance,129,18,0.4289,1
Easy,Intellect,59,5,0.189,1
Easy,Strength,68,19,0.2818,0
Easy,Strength,72,26,0.2675,1
Easy,Strength,70,20,0.5192,0
Hard,Health,250,10,0.2344,1
Medium,Discipline,128,4,0.1236,1
Hard,Endurance,252,15,0.1237,1
Medium,Mind,121,6,0.5833,1
Easy,Endurance,62,26,0.7348,1
Hard,Mind,257,4,0.3215,0
Hard,Health,250,10,0.0347,1
Medium,Strength,132,14,0.1272,1
Hard,Health,246,2,0.9147,1
Medium,Health,122,25,0.4935,1
Medium,Intellect,125,4,0.4536,1
Medium,Discipline,115,22,0.038,1
Easy,Mind,60,20,0.7286,1
Easy,Strength,70,4,0.5281,1
Easy,Mind,74,8,0.2021,0
Medium,Endurance,126,14,0.1101,1
Easy,Mind,65,2,0.3834,0
Medium,Endurance,124,28,0.8372,1
Epic,Discipline,497,5,0.8653,1
Easy,Endurance,67,16,0.6028,1
Medium,Mind,117,25,0.7275,1
Hard,Mind,259,20,0.1152,0
Easy,Endurance,70,7,0.5881,1
Easy,Health,67,20,0.667,1
Easy,Discipline,71,24,0.2007,1
Easy,Intellect,57,10,0.8802,1
Epic,Strength,514,5,0.195,0
Hard,Mind,255,7,0.3135,0
Medium,Strength,133,9,0.6206,1
Hard,Intellect,255,23,0.6384,1
Hard,Strength,260,28,0.6994,1
Easy,Intellect,57,2,0.112,1
Hard,Endurance,250,22,0.8495,1
Medium,Health,128,13,0.5328,0
Hard,Mind,262,22,0.4713,1
Hard,Intellect,261,13,0.9811,1
Easy,Strength,58,9,0.7404,1
Easy,Mind,69,11,0.118,1
Easy,Health,65,5,0.7565,1
Medium,Endurance,117,11,0.0952,1
Hard,Mind,247,22,0.0275,1
Hard,Intellect,260,13,0.4036,0
Easy,Health,59,1,0.9936,1
Medium,Strength,124,8,0.1749,1
Medium,Health,133,9,0.6726,1
Easy,Health,58,25,0.1734,1
Easy,Discipline,73,16,0.7248,1
Easy,Health,65,16,0.5054,1
Epic,Health,496,2,0.68,0
Easy,Mind,64,29,0.2029,1
Medium,Strength,125,18,0.7456,1
Hard,Mind,264,0,0.9956,1
Medium,Mind,130,11,0.6657,1
Epic,Intellect,513,6,0.4935,0
Epic,Mind,505,3,0.9232,1
Easy,Discipline,68,9,0.0159,1
Medium,Discipline,116,12,0.7299,1
Easy,Intellect,59,1,0.8887,0
Easy,Endurance,59,9,0.0617,1
Easy,Strength,73,20,0.4501,1
Medium,Strength,126,21,0.2047,1
Medium,Mind,132,24,0.5665,1
Easy,Mind,58,3,0.6495,0
Easy,Endurance,71,17,0.3026,1
Epic,Mind,504,4,0.46,0
Easy,Strength,74,18,0.2793,1
Easy,Health,60,1,0.3694,1
Medium,Discipline,128,11,0.1595,1
Epic,Health,505,16,0.8856,0
Easy,Health,65,9,0.01,0
Medium,Strength,132,1,0.8824,1
Hard,Health,262,5,0.5717,1
Easy,Endurance,65,7,0.3317,1
Hard,Intellect,256,28,0.7231,1
Medium,Mind,119,18,0.5078,1
Medium,Intellect,123,10,0.4991,1
Medium,Discipline,123,24,0.1101,1
Medium,Mind,124,11,0.3895,1
Easy,Health,73,8,0.2411,0
Hard,Discipline,245,1,0.0157,1
Easy,Mind,61,7,0.3601,1
Easy,Endurance,58,25,0.0898,1
Easy,Endurance,55,10,0.2568,1
Medium,Endurance,129,27,0.0925,1
Medium,Endurance,122,20,0.1009,1
Easy,Health,66,3,0.199,1
Medium,Intellect,132,9,0.9998,1
Easy,Mind,69,20,0.0022,1
Medium,Health,131,19,0.6387,1
Easy,Endurance,68,15,0.1412,1
Medium,Intellect,128,7,0.9206,1
Medium,Discipline,132,3,0.0936,1
Epic,Discipline,514,28,0.9551,1
Easy,Discipline,72,9,0.6109,1
Easy,Endurance,70,11,0.0013,1
Easy,Discipline,55,28,0.894,1
Epic,Strength,505,13,0.5217,1
Hard,Mind,259,15,0.2627,1
Easy,Mind,66,21,0.7673,1
Medium,Endurance,122,17,0.9267,1
Hard,Strength,264,20,0.4837,0
Medium,Health,120,21,0.3156,1
Medium,Health,117,20,0.7889,1
Easy,Discipline,67,11,0.6818,1
Easy,Intellect,67,17,0.8888,0
Hard,Health,246,29,0.6925,0
Epic,Intellect,499,6,0.2435,0
Medium,Mind,131,19,0.9317,1
Easy,Intellect,60,23,0.1048,1
Easy,Mind,56,22,0.2679,1
Hard,Strength,248,6,0.5202,0
Hard,Strength,255,8,0.5657,0
Hard,Endurance,252,0,0.0153,0
Hard,Endurance,256,25,0.7806,0
Medium,Discipline,122,5,0.3616,0
Easy,Health,65,5,0.4064,1
Easy,Discipline,74,21,0.8094,1
Hard,Mind,252,28,0.3793,1
Medium,Discipline,122,11,0.0472,1
Easy,Intellect,71,21,0.1764,1
Easy,Mind,74,11,0.9559,0
Medium,Endurance,134,9,0.0704,0
Easy,Strength,70,22,0.3549,1
Easy,Endurance,68,29,0.5032,1
Medium,Health,125,25,0.4933,1
Medium,Mind,121,5,0.004,1
Medium,Mind,130,16,0.5012,1
Easy,Intellect,67,18,0.3838,1
Hard,Health,259,17,0.9721,1
Easy,Strength,70,5,0.1592,1
Easy,Mind,63,23,0.3542,1
Hard,Mind,247,18,0.4195,1
Medium,Intellect,133,9,0.3907,1
Hard,Discipline,264,23,0.6658,1
Medium,Strength,119,7,0.2155,1
Medium,Endurance,124,20,0.2211,1
Easy,Health,71,23,0.7292,1
Medium,Mind,129,5,0.5003,1
Easy,Mind,62,20,0.4152,1
Easy,Endurance,69,24,0.1692,1
Epic,Strength,508,29,0.1875,1
Medium,Discipline,134,6,0.0106,1
Hard,Mind,251,23,0.0914,1
Medium,Strength,126,0,0.5568,0
Hard,Endurance,261,26,0.8919,1
Medium,Intellect,131,17,0.2872,1
Medium,Discipline,124,23,0.3277,1
Medium,Health,133,27,0.1156,1
Easy,Mind,68,24,0.3886,0
Hard,Strength,255,19,0.0372,1
Easy,Intellect,56,11,0.9176,1
Easy,Health,72,15,0.6731,1
Medium,Strength,121,9,0.9907,1
Easy,Strength,66,26,0.8828,1
Epic,Health,496,9,0.473,1
Epic,Intellect,514,13,0.5197,1
Epic,Endurance,512,24,0.1906,0
Medium,Intellect,120,19,0.462,1
Easy,Discipline,64,9,0.903,1
Epic,Mind,514,9,0.0509,0
Medium,Health,129,25,0.8636,1
Epic,Endurance,499,24,0.3409,1
Epic,Health,514,10,0.8995,0
Hard,Health,247,22,0.9409,1
Easy,Intellect,59,1,0.6709,1
Medium,Mind,122,24,0.6644,1
Hard,Discipline,252,19,0.4528,1
Easy,Strength,62,7,0.8355,1
Easy,Strength,66,29,0.9616,1
Medium,Health,122,22,0.7751,1
Epic,Mind,505,28,0.6219,1
Medium,Endurance,128,6,0.6068,1
Medium,Intellect,122,7,0.8495,1
Easy,Mind,64,0,0.5412,1
Medium,Mind,121,20,0.8039,1
Epic,Intellect,511,1,0.5089,1
Easy,Health,58,17,0.0624,1
Medium,Mind,127,14,0.3839,1
Hard,Strength,248,0,0.4444,0
Hard,Intellect,249,4,0.1416,1
Medium,Endurance,118,1,0.1025,0
Hard,Discipline,262,19,0.5355,1
Medium,Health,120,2,0.0851,0
Easy,Intellect,56,18,0.3029,1
Hard,Discipline,255,17,0.7446,1
Hard,Discipline,258,28,0.9644,1
Hard,Endurance,249,21,0.7179,1
Epic,Mind,500,17,0.9926,1
Medium,Endurance,124,13,0.6983,1
Medium,Mind,122,29,0.2938,1
Hard,Mind,258,23,0.6721,0
Medium,Intellect,117,7,0.7022,1
Hard,Intellect,256,28,0.3717,1
Hard,Health,260,29,0.0177,1
Hard,Mind,261,11,0.7032,1
Easy,Discipline,55,20,0.0217,1
Medium,Strength,124,9,0.6312,1
Easy,Health,64,22,0.1636,1
Medium,Intellect,116,19,0.5656,1
Easy,Endurance,63,16,0.5039,1
Medium,Health,127,10,0.0135,0
Medium,Health,130,1,0.3629,0
Easy,Health,72,25,0.6011,1
Medium,Health,133,25,0.8486,1
Easy,Strength,66,3,0.8886,0
Easy,Endurance,62,0,0.4838,1
Hard,Endurance,261,14,0.7284,0
Medium,Endurance,129,12,0.3165,0
Easy,Mind,64,7,0.3422,0
Medium,Discipline,129,24,0.1945,1
Hard,Endurance,259,3,0.5619,1
Easy,Health,61,9,0.3146,1
Medium,Health,127,18,0.0844,1
Easy,Endurance,71,17,0.685,1
Easy,Endurance,63,4,0.7078,1
Medium,Health,122,29,0.36,1
Medium,Mind,134,18,0.0767,1
Medium,Intellect,132,25,0.4263,1
Hard,Intellect,257,22,0.4423,1
Epic,Endurance,510,26,0.6687,1
Medium,Strength,123,21,0.3154,1
Easy,Endurance,66,15,0.6826,1
Hard,Endurance,256,0,0.8715,0
Easy,Intellect,60,11,0.2375,1
Medium,Health,133,23,0.9789,1
Easy,Endurance,61,1,0.3864,1
Easy,Health,57,20,0.2673,1
Epic,Health,510,24,0.4215,1
Hard,Strength,262,7,0.0944,1
Medium,Health,130,17,0.1257,1
Medium,Intellect,121,24,0.4144,1
Easy,Mind,58,15,0.7624,1
Easy,Mind,62,4,0.9003,1
Easy,Discipline,67,25,0.6648,1
Medium,Endurance,127,29,0.1052,1
Hard,Intellect,261,21,0.672,1
Medium,Health,131,12,0.6354,1
Easy,Mind,59,18,0.8058,1
Epic,Intellect,500,28,0.8252,0
Hard,Mind,263,2,0.8682,1
Medium,Health,127,25,0.4141,1
Medium,Mind,128,7,0.6979,0
Medium,Endurance,118,26,0.2683,1
Easy,Endurance,61,25,0.9993,1
Medium,Discipline,122,25,0.1753,0
Hard,Discipline,257,11,0.0101,0
Easy,Mind,60,1,0.1488,1
Easy,Intellect,60,10,0.7759,1
Easy,Endurance,57,11,0.4468,1
Easy,Intellect,57,27,0.4475,1
Hard,Intellect,257,17,0.955,0
Hard,Mind,246,12,0.9196,1
Medium,Intellect,130,4,0.3112,1
Easy,Endurance,60,21,0.2091,0
Medium,Health,122,11,0.8485,1
Medium,Discipline,122,1,0.906,1
Easy,Health,60,4,0.5416,1
Medium,Intellect,128,6,0.6294,1
Medium,Health,117,25,0.2569,1
Medium,Endurance,124,25,0.8008,1
Medium,Endurance,117,23,0.6321,0
Easy,Intellect,66,11,0.5035,1
Medium,Mind,131,15,0.0601,1
Medium,Health,119,22,0.9159,1
Medium,Mind,134,7,0.6155,1
Hard,Mind,253,29,0.1927,1
Medium,Strength,134,27,0.6064,1
Easy,Intellect,61,8,0.6775,1
Easy,Discipline,58,14,0.5258,1
Medium,Endurance,127,4,0.7181,1
Easy,Endurance,67,12,0.5815,1
Medium,Intellect,124,4,0.9478,1
Epic,Discipline,512,10,0.0537,1
Medium,Endurance,131,9,0.1062,1
Medium,Intellect,134,19,0.1737,1
Medium,Endurance,134,12,0.6902,1
Medium,Mind,127,8,0.6456,1
Medium,Health,131,20,0.8921,1
Epic,Health,498,13,0.7329,1
Medium,Endurance,115,17,0.5084,1
Epic,Strength,495,14,0.9918,0
Epic,Discipline,509,9,0.2661,1
Easy,Discipline,67,23,0.8332,1
Easy,Discipline,71,6,0.4268,0
Easy,Mind,62,7,0.6487,1
Easy,Discipline,72,27,0.7273,0
Easy,Health,67,2,0.6338,1
Medium,Mind,128,14,0.1405,1
Easy,Intellect,62,15,0.443,1
Easy,Discipline,62,3,0.5614,1
Hard,Discipline,259,20,0.849,1
Easy,Intellect,67,5,0.4436,1
Hard,Discipline,251,0,0.9187,0
Easy,Intellect,59,3,0.4404,1
Easy,Mind,71,10,0.5488,1
Medium,Health,130,11,0.7963,1
Medium,Intellect,116,25,0.5831,1
Hard,Strength,262,28,0.9602,1
Hard,Intellect,261,4,0.6603,0
Hard,Discipline,251,22,0.5227,0
Easy,Mind,67,28,0.0236,1
Easy,Endurance,72,20,0.4137,1
Hard,Mind,258,15,0.2992,1
Hard,Endurance,262,12,0.7481,1
Epic,Intellect,507,12,0.2083,1
Medium,Health,125,16,0.2052,0
Medium,Strength,130,26,0.1895,1
Hard,Mind,261,6,0.1256,0
Easy,Discipline,62,7,0.311,0
Epic,Endurance,513,12,0.8859,0
Hard,Discipline,264,22,0.7749,1
Medium,Health,129,26,0.7353,1
Hard,Endurance,253,15,0.7973,1
Hard,Mind,264,29,0.2694,1
Easy,Intellect,64,28,0.8874,1
Epic,Discipline,506,3,0.1373,0
Medium,Health,134,7,0.3363,0
Hard,Mind,245,15,0.5867,1
Easy,Mind,74,20,0.1029,1
Hard,Mind,253,9,0.7301,1
Medium,Mind,129,24,0.3872,1
Easy,Endurance,55,11,0.7844,1
Epic,Mind,506,11,0.4929,0
Easy,Discipline,57,25,0.1809,1
Easy,Health,65,4,0.7348,1
Epic,Endurance,496,15,0.2521,1
Epic,Mind,510,0,0.4908,1
Medium,Strength,123,27,0.0755,1
Medium,Strength,129,8,0.6179,1
Medium,Health,126,11,0.6659,1
Easy,Intellect,55,4,0.3787,1
Easy,Intellect,67,21,0.9544,1
Medium,Endurance,128,19,0.8742,1
Hard,Endurance,252,21,0.7079,1
Hard,Endurance,252,27,0.7137,1
Hard,Intellect,256,23,0.2524,1
Easy,Strength,55,2,0.6568,1
Medium,Intellect,125,4,0.1982,1
Easy,Discipline,62,1,0.144,1
Medium,Mind,124,13,0.9995,1
Medium,Endurance,133,1,0.6224,0
Hard,Strength,255,12,0.431,1
Medium,Health,121,6,0.2882,1
Easy,Health,65,9,0.6039,1
Easy,Mind,71,12,0.0496,1
Hard,Strength,245,15,0.0947,1
Medium,Intellect,122,25,0.0329,1
Easy,Intellect,60,13,0.4992,1
Easy,Discipline,72,10,0.6006,1
Hard,Discipline,250,9,0.0625,0
Easy,Intellect,59,5,0.7212,1
Hard,Health,257,3,0.2304,0
Hard,Endurance,263,20,0.6852,1
Easy,Health,62,0,0.9819,1
Easy,Discipline,63,6,0.6911,1
Epic,Mind,511,23,0.8832,0
Medium,Intellect,117,8,0.9482,1
Medium,Discipline,133,7,0.4868,1
Hard,Discipline,255,4,0.7023,0
Epic,Endurance,511,18,0.852,1
Epic,Intellect,513,9,0.3566,1
Hard,Endurance,246,10,0.2614,1
Medium,Intellect,122,24,0.9466,0
Easy,Endurance,73,14,0.7263,1
Hard,Health,251,5,0.2197,1
Medium,Mind,131,14,0.4491,1
Medium,Mind,120,4,0.7965,1
Epic,Intellect,513,28,0.5471,0
Easy,Strength,60,18,0.65,1
Medium,Discipline,116,21,0.7538,1
Easy,Discipline,60,18,0.622,1
Medium,Intellect,119,9,0.5401,1
Easy,Endurance,73,11,0.7496,1
Easy,Strength,74,21,0.7276,1
Easy,Health,58,3,0.6299,1
Medium,Endurance,131,17,0.3598,1
Hard,Endurance,255,15,0.4058,1
Medium,Intellect,118,7,0.9704,1
Epic,Intellect,507,3,0.1124,1
Medium,Discipline,134,24,0.2685,1
Easy,Intellect,71,22,0.4924,1
Hard,Intellect,253,11,0.8367,1
Easy,Intellect,58,1,0.1637,0
Epic,Discipline,508,3,0.277,1
Easy,Health,73,4,0.0658,1
Epic,Health,497,2,0.706,0
Easy,Intellect,68,8,0.2382,0
Hard,Discipline,252,28,0.3887,0
Medium,Health,115,20,0.4437,1
Epic,Endurance,504,17,0.8913,1
Easy,Health,72,10,0.4113,1
Medium,Health,130,2,0.1452,1
Epic,Discipline,502,29,0.5243,1
Medium,Endurance,115,24,0.963,1
Medium,Discipline,126,22,0.6077,1
Medium,Intellect,122,1,0.9834,1
Medium,Mind,130,8,0.8411,0
Medium,Health,132,13,0.036,1
Medium,Mind,118,3,0.6584,1
Epic,Discipline,500,28,0.2868,0
Easy,Discipline,66,8,0.5596,1
Easy,Discipline,63,12,0.2793,1
Epic,Mind,509,17,0.3489,0
Hard,Discipline,260,14,0.9232,0
Medium,Intellect,126,27,0.2066,1
Medium,Discipline,128,9,0.8741,1
Easy,Strength,67,15,0.0305,1
Easy,Mind,56,11,0.0909,1
Medium,Strength,117,19,0.8547,1
Medium,Discipline,124,4,0.6306,1
Medium,Intellect,123,1,0.7472,1
Easy,Health,74,9,0.2094,1
Epic,Endurance,502,0,0.5371,1
Epic,Endurance,504,6,0.7372,1
Medium,Discipline,133,25,0.6273,1
Medium,Intellect,117,16,0.4717,1
Easy,Mind,59,15,0.9598,1
Hard,Strength,247,26,0.6762,1
Medium,Strength,130,26,0.9078,1
Easy,Strength,71,23,0.7298,1
Epic,Mind,509,2,0.7355,0
Hard,Endurance,247,13,0.08,1
Epic,Intellect,506,9,0.3595,0
Hard,Mind,253,21,0.8584,0
Medium,Strength,126,6,0.2326,1
Medium,Discipline,129,25,0.1155,1
Epic,Health,496,16,0.3261,1
Hard,Mind,262,29,0.2204,1
Easy,Mind,74,5,0.9253,1
Easy,Intellect,66,22,0.868,1
Medium,Intellect,118,21,0.4997,1
Hard,Mind,260,3,0.0613,0
Epic,Strength,510,16,0.7146,0
Easy,Health,55,26,0.6234,1
Medium,Intellect,116,8,0.9706,1
Medium,Strength,117,3,0.559,1
Epic,Discipline,514,6,0.3364,0
Hard,Intellect,261,22,0.519,1
Hard,Strength,264,1,0.9793,1
Medium,Strength,115,16,0.6964,1
Medium,Health,134,23,0.672,1
Easy,Health,60,7,0.2407,1
Easy,Discipline,69,22,0.7436,1
Hard,Strength,258,29,0.7503,0
Hard,Endurance,264,14,0.3173,0
Epic,Strength,509,14,0.4837,1
Epic,Health,508,7,0.2946,1
Medium,Endurance,119,15,0.2587,1
Hard,Intellect,250,18,0.0259,0
Epic,Intellect,511,10,0.2852,0
Hard,Mind,255,1,0.554,1
Easy,Health,70,22,0.0016,1
Medium,Mind,126,23,0.2832,1
Easy,Endurance,69,16,0.8814,1
Epic,Health,498,27,0.5936,1
Medium,Discipline,132,25,0.6079,0
Easy,Strength,57,15,0.4034,1
Medium,Discipline,122,24,0.6765,1
Medium,Endurance,117,14,0.1899,1
Medium,Health,122,12,0.8187,1
Easy,Endurance,72,14,0.1167,1
Medium,Strength,124,26,0.656,1
Medium,Intellect,134,3,0.3411,1
Hard,Intellect,261,15,0.7475,0
Medium,Endurance,122,29,0.5498,1
Hard,Mind,255,11,0.4524,1
Medium,Health,119,29,0.1694,1
Medium,Health,127,3,0.6368,1
Hard,Intellect,249,2,0.9748,0
Medium,Discipline,127,21,0.8256,1
Easy,Strength,60,16,0.06,1
Easy,Discipline,59,21,0.3762,1
Hard,Discipline,253,17,0.9256,1
Medium,Endurance,130,24,0.503,1
Hard,Intellect,246,17,0.6621,1
Easy,Intellect,55,22,0.9126,1
Easy,Intellect,62,27,0.8738,1
Easy,Endurance,73,16,0.5018,1
Medium,Mind,125,11,0.4376,1
Medium,Discipline,126,22,0.3397,1
Medium,Endurance,126,20,0.719,1
Medium,Health,121,23,0.287,1
Epic,Strength,507,3,0.2499,0
Easy,Mind,62,11,0.3562,1
Medium,Health,123,25,0.1772,1
Hard,Discipline,251,22,0.6951,1
Medium,Intellect,129,21,0.6162,1
Medium,Discipline,116,20,0.4829,1
Hard,Endurance,264,19,0.3903,1
Epic,Strength,506,14,0.9091,0
Easy,Endurance,55,22,0.0291,1
Epic,Mind,502,27,0.7691,1
Medium,Mind,119,15,0.9019,1
Easy,Strength,69,4,0.4464,1
Medium,Health,115,20,0.5507,1
Epic,Health,495,14,0.9445,0
Medium,Mind,124,16,0.2123,1
Easy,Mind,64,17,0.5201,1
Medium,Intellect,129,4,0.4747,1
Easy,Health,71,12,0.2584,1
Easy,Strength,60,18,0.8186,1
Easy,Health,57,29,0.8996,1
Easy,Intellect,67,12,0.7819,1
Easy,Endurance,70,17,0.1954,1
Easy,Mind,62,13,0.0867,1
Medium,Mind,129,29,0.6054,1
Easy,Intellect,71,3,0.0571,1
Easy,Strength,71,3,0.6728,1
Hard,Mind,257,19,0.5304,1
Medium,Discipline,131,19,0.6628,0
Medium,Mind,120,18,0.5902,1
Easy,Discipline,71,12,0.4227,1
Easy,Intellect,70,11,0.2009,1
Easy,Intellect,68,6,0.3057,1
Easy,Mind,67,24,0.5245,1
Easy,Health,60,11,0.6519,1
Easy,Discipline,57,20,0.7795,0
Easy,Strength,68,3,0.7672,1
Easy,Mind,68,26,0.9727,1
Medium,Strength,129,1,0.2858,0
Easy,Mind,62,1,0.0711,1
Medium,Health,129,4,0.3457,1
Medium,Health,127,22,0.7433,1
Medium,Health,131,9,0.4381,1
Easy,Endurance,57,9,0.8178,1
Hard,Health,250,8,0.5493,0
Medium,Intellect,119,12,0.9298,1
Easy,Intellect,71,6,0.9479,0
Hard,Endurance,246,4,0.0693,0
Epic,Discipline,509,25,0.4564,1
Easy,Strength,59,9,0.6097,1
Easy,Mind,74,9,0.2559,1
Hard,Mind,250,5,0.4071,0
Hard,Endurance,250,26,0.6777,1
Easy,Intellect,72,27,0.2267,1
Easy,Mind,72,18,0.602,1
Medium,Intellect,118,20,0.6974,1
Medium,Discipline,131,7,0.0905,1
Medium,Strength,128,0,0.4975,1
Medium,Discipline,128,27,0.2631,1
Medium,Endurance,127,16,0.7244,0
Hard,Health,251,6,0.1896,1
Easy,Health,66,13,0.8922,1
Easy,Health,69,20,0.4309,1
Hard,Discipline,263,29,0.198,1
Hard,Mind,255,20,0.438,0
Medium,Strength,129,16,0.4087,1
Medium,Health,126,8,0.4289,1
Easy,Endurance,57,16,0.5856,1
Medium,Endurance,131,4,0.5212,1
Medium,Health,117,25,0.1498,1
Easy,Health,73,24,0.0656,1
Easy,Strength,74,29,0.7294,0
Medium,Health,118,19,0.5597,1
Easy,Strength,57,28,0.359,0
Easy,Endurance,70,7,0.8084,1
Easy,Health,66,5,0.3881,0
Easy,Discipline,62,10,0.796,1
Easy,Discipline,71,18,0.3058,0
Hard,Endurance,251,3,0.0728,1
Medium,Strength,125,17,0.9326,1
Medium,Discipline,132,0,0.3946,1
Hard,Strength,245,12,0.7927,1
Medium,Discipline,117,13,0.2791,1
Easy,Discipline,58,23,0.6464,1
Medium,Strength,127,0,0.8733,1
Medium,Mind,120,29,0.0416,1
Hard,Discipline,258,28,0.8306,1
Medium,Health,119,10,0.5713,1
Easy,Endurance,70,16,0.6075,1
Easy,Mind,69,3,0.5232,1
Medium,Strength,129,25,0.8745,1
Medium,Mind,118,11,0.0434,1
Medium,Intellect,122,9,0.261,0
Medium,Intellect,130,5,0.8758,0
Epic,Discipline,510,24,0.7523,0
Medium,Discipline,118,0,0.0176,0
Easy,Health,67,6,0.517,1
Easy,Endurance,67,25,0.5296,1
Easy,Mind,56,26,0.4009,1
Easy,Intellect,57,20,0.2974,1
Easy,Discipline,62,27,0.6817,1
Easy,Endurance,69,15,0.2078,1
Easy,Mind,65,23,0.7989,1
Easy,Discipline,63,13,0.803,1
Hard,Discipline,251,22,0.4153,0
Easy,Intellect,67,19,0.2835,1
Medium,Intellect,116,19,0.2839,1
Medium,Discipline,122,5,0.4823,1
Epic,Strength,501,21,0.7196,1
Easy,Discipline,66,24,0.3589,1
Medium,Endurance,133,27,0.61,1
Epic,Discipline,501,4,0.3825,1
Hard,Health,254,23,0.3045,1
Hard,Health,260,20,0.0249,1
Easy,Health,57,17,0.0039,1
Easy,Strength,64,14,0.2272,1
Medium,Strength,120,5,0.4064,1
Epic,Discipline,512,24,0.8513,0
Medium,Health,132,28,0.7985,1
Medium,Strength,119,18,0.2672,1
Easy,Intellect,61,0,0.2445,1
Hard,Discipline,246,0,0.2273,1
Easy,Endurance,65,12,0.3392,1
Easy,Mind,67,2,0.4982,1
Medium,Discipline,119,9,0.4387,1
Medium,Mind,120,20,0.2183,1
Easy,Health,68,2,0.1305,1
Easy,Mind,66,8,0.0126,1
Medium,Health,118,7,0.154,1
Easy,Intellect,60,2,0.7054,1
Medium,Mind,124,24,0.2436,1
Easy,Discipline,72,12,0.4686,1
Medium,Health,129,5,0.5913,0
Medium,Discipline,122,12,0.8868,1
Easy,Strength,63,22,0.8889,1
Easy,Health,59,19,0.7457,1
Easy,Mind,64,19,0.0352,1
Easy,Health,74,11,0.5751,1
Epic,Discipline,500,12,0.7866,0
Easy,Intellect,70,1,0.0173,1
Hard,Health,247,20,0.5497,1
Easy,Mind,64,23,0.8578,1
Medium,Strength,125,22,0.4741,1
Hard,Endurance,255,15,0.0041,1
Medium,Intellect,131,22,0.011,1
Medium,Strength,118,5,0.4166,1
Medium,Health,118,18,0.155,0
Easy,Discipline,71,20,0.6645,1
Epic,Discipline,503,12,0.7088,1
Hard,Mind,263,16,0.1779,1
Epic,Discipline,499,22,0.8885,1
Easy,Intellect,60,8,0.4419,1
Hard,Discipline,247,16,0.1428,1
Epic,Mind,495,28,0.7643,1
Easy,Endurance,74,1,0.79,1
Easy,Health,70,18,0.6393,1
Hard,Health,255,18,0.8535,1
Medium,Discipline,127,23,0.7374,1
Hard,Strength,254,6,0.8822,1
Easy,Health,57,21,0.4339,1
Hard,Endurance,253,9,0.7476,1
Easy,Discipline,66,9,0.9998,1
Easy,Mind,68,26,0.7249,1
Easy,Endurance,55,19,0.1142,1
Hard,Discipline,262,8,0.5183,1
Medium,Endurance,131,16,0.5873,1
Medium,Health,123,26,0.1742,1
Medium,Mind,123,14,0.9629,1
Hard,Discipline,254,1,0.1756,1
Medium,Intellect,133,29,0.1776,1
Hard,Mind,259,3,0.9152,0
Medium,Intellect,119,18,0.4652,1
Medium,Endurance,129,16,0.0632,1
Medium,Strength,134,4,0.5982,1
Easy,Mind,56,6,0.6018,1
Hard,Endurance,257,17,0.0645,1
Medium,Intellect,130,20,0.9725,1
Easy,Health,69,21,0.544,1
Hard,Health,254,26,0.5598,1
Medium,Strength,128,6,0.5201,1
Medium,Mind,124,16,0.6107,1
Epic,Mind,508,6,0.2643,0
Medium,Mind,123,3,0.2872,0
Easy,Endurance,68,7,0.5113,1
Epic,Strength,497,12,0.8067,1
Medium,Mind,134,3,0.0499,1
Easy,Endurance,70,5,0.6034,1
Easy,Health,56,24,0.8068,1
Hard,Intellect,254,4,0.1569,1
Medium,Endurance,117,29,0.015,1
Medium,Health,125,11,0.3127,1
Hard,Health,255,3,0.5881,0
Hard,Intellect,257,23,0.1383,1
Easy,Health,61,28,0.4261,1
Easy,Strength,71,8,0.5523,1
Easy,Intellect,56,3,0.5989,1
Hard,Health,256,18,0.2744,1
Easy,Discipline,64,23,0.4,1
Medium,Endurance,132,13,0.7783,1
Hard,Health,255,4,0.9412,1
Hard,Strength,260,17,0.8619,1
Easy,Mind,71,9,0.5643,1
Hard,Health,263,24,0.4103,1
Easy,Mind,72,18,0.333,0
Hard,Discipline,247,11,0.125,1
Easy,Health,70,17,0.1066,1
Medium,Intellect,120,16,0.6884,1
Hard,Mind,256,29,0.2598,1
Easy,Discipline,65,23,0.2547,1
Easy,Intellect,69,10,0.9982,1
Hard,Intellect,259,2,0.1879,1
Hard,Intellect,260,22,0.1481,1
Medium,Intellect,124,16,0.0987,1
Medium,Health,126,0,0.5798,1
Medium,Endurance,127,14,0.6279,1
Easy,Health,58,27,0.3652,1
Easy,Health,61,8,0.5354,1
Easy,Discipline,56,14,0.7884,1
Epic,Discipline,509,27,0.8181,1
Medium,Endurance,122,23,0.9579,1
Medium,Discipline,121,27,0.8243,1
Medium,Strength,129,28,0.5648,1
Epic,Endurance,508,2,0.1797,0
Easy,Discipline,62,21,0.0998,1
Medium,Endurance,126,26,0.0545,1
Medium,Health,127,18,0.6665,1
Medium,Health,125,12,0.8075,1
Easy,Endurance,71,11,0.5087,1
Hard,Strength,261,19,0.0547,1
Epic,Strength,498,0,0.5355,0
Medium,Endurance,122,20,0.9357,1
Medium,Discipline,119,16,0.5976,1
Epic,Mind,510,12,0.8094,1
Hard,Strength,248,0,0.8002,0
Easy,Intellect,69,9,0.9321,1
Medium,Health,126,14,0.7702,0
Medium,Endurance,119,26,0.7477,1
Medium,Intellect,130,26,0.2341,1
Hard,Endurance,258,29,0.0599,1
Epic,Health,504,6,0.5176,1
Epic,Health,501,27,0.1244,1
Medium,Strength,127,21,0.9622,1
Easy,Strength,74,17,0.2899,1
Epic,Intellect,499,15,0.8529,1
Hard,Endurance,247,13,0.3876,1
Easy,Health,69,26,0.3232,1
Epic,Intellect,498,27,0.9352,0
Hard,Mind,259,17,0.3633,1
Medium,Intellect,128,26,0.3903,1
Medium,Discipline,134,6,0.1061,1
Medium,Intellect,133,16,0.6704,1
Easy,Discipline,67,28,0.2888,1
Easy,Discipline,64,17,0.5856,1
Hard,Discipline,249,11,0.5914,1
Easy,Mind,74,7,0.7192,1
Easy,Intellect,74,21,0.7452,1
Medium,Intellect,120,29,0.5145,1
Medium,Mind,118,1,0.331,1
Epic,Health,496,6,0.8375,1
Easy,Strength,70,3,0.3099,1
Easy,Intellect,72,17,0.5075,0
Hard,Strength,249,27,0.4013,1
Medium,Endurance,118,5,0.8551,1
Easy,Endurance,67,26,0.4319,1
Medium,Mind,133,8,0.3861,1
Easy,Endurance,56,26,0.6898,1
Easy,Endurance,67,8,0.6024,1
Medium,Health,125,13,0.1072,1
Medium,Health,118,7,0.5082,0
Epic,Health,514,18,0.7355,1
Medium,Endurance,134,2,0.9921,1
Medium,Mind,129,17,0.6291,1
Medium,Discipline,118,4,0.3703,1
Easy,Discipline,63,13,0.2262,1
Medium,Strength,121,27,0.8728,1
Easy,Discipline,73,29,0.8146,1
Epic,Discipline,513,3,0.2339,0
Easy,Health,60,6,0.2006,1
Medium,Health,120,19,0.7151,1
Easy,Endurance,74,24,0.315,1
Epic,Strength,509,27,0.3064,1
Medium,Intellect,129,11,0.1523,1
Medium,Strength,134,1,0.264,1
Easy,Strength,63,10,0.4275,1
Hard,Mind,248,13,0.7328,1
Easy,Endurance,72,21,0.3363,1
Hard,Mind,262,22,0.3286,0
Easy,Strength,59,15,0.2849,1
Easy,Strength,74,19,0.4783,1
Easy,Strength,65,28,0.1806,1
Medium,Discipline,119,5,0.4856,0
Medium,Mind,118,22,0.7042,1
Easy,Strength,66,3,0.0298,1
Hard,Health,246,14,0.0098,0
Medium,Endurance,127,23,0.0751,0
Medium,Endurance,124,24,0.5357,1
Medium,Health,123,0,0.8545,1
Medium,Endurance,124,6,0.0049,1
Medium,Discipline,121,24,0.9367,1
Easy,Discipline,58,11,0.1063,1
Easy,Intellect,73,9,0.842,1
Hard,Intellect,254,4,0.4829,1
Epic,Intellect,497,11,0.6594,1
Medium,Endurance,133,17,0.5107,1
Easy,Discipline,56,9,0.477,1
Medium,Discipline,134,5,0.8349,0
Medium,Discipline,124,27,0.7559,1
Easy,Health,56,11,0.4834,1
Easy,Discipline,56,6,0.1116,1
Hard,Health,261,17,0.1154,1
Medium,Intellect,130,1,0.8015,0
Easy,Intellect,70,9,0.5294,1
Easy,Endurance,68,14,0.4816,1
Easy,Intellect,61,29,0.6806,1
Medium,Endurance,125,11,0.8588,1
Easy,Strength,55,25,0.6289,1
Easy,Strength,65,16,0.7628,1
Hard,Mind,248,3,0.7653,1
Easy,Endurance,61,6,0.3563,1
Medium,Mind,129,29,0.2741,1
Easy,Mind,72,8,0.8012,1
Easy,Strength,66,18,0.3772,1
Easy,Endurance,71,27,0.9033,1
Hard,Strength,245,26,0.0697,1
Hard,Mind,255,22,0.0582,1
Hard,Endurance,245,6,0.927,0
Medium,Mind,129,22,0.6485,1
Medium,Discipline,124,1,0.3796,0
Easy,Endurance,61,5,0.7551,1
Easy,Endurance,56,17,0.6723,0
Hard,Mind,254,5,0.5312,1
Easy,Discipline,58,12,0.0989,1
Easy,Health,66,25,0.8122,1
Easy,Strength,73,18,0.866,1
Easy,Mind,65,29,0.1722,1
Easy,Endurance,62,1,0.8505,1
Medium,Strength,132,11,0.8778,1
Medium,Strength,125,14,0.5494,1
Hard,Strength,255,13,0.6562,1
Hard,Health,257,5,0.3822,1
Easy,Intellect,57,17,0.2818,1
Easy,Mind,66,4,0.722,1
Medium,Intellect,117,17,0.8619,1
Medium,Intellect,124,2,0.6541,1
Easy,Intellect,71,2,0.5116,1
Medium,Strength,116,21,0.1589,1
Medium,Discipline,131,21,0.0535,1
Medium,Strength,130,9,0.4457,1
Medium,Strength,116,18,0.0493,1
Easy,Endurance,74,2,0.5693,1
Epic,Endurance,500,28,0.3827,1
Hard,Intellect,254,11,0.7572,1
Easy,Strength,64,28,0.3056,1
Hard,Intellect,252,15,0.593,0
Medium,Endurance,115,16,0.5377,1
Hard,Discipline,257,6,0.0047,1
Hard,Mind,253,12,0.0724,0
Medium,Intellect,124,23,0.2904,1
Easy,Discipline,69,1,0.8822,1
Easy,Mind,59,3,0.147,1
Medium,Health,130,9,0.7109,0
Medium,Intellect,127,6,0.9734,1
Easy,Intellect,74,23,0.7906,1
Easy,Health,72,16,0.2429,1
Hard,Health,255,19,0.9084,1
Epic,Intellect,503,5,0.0931,0
Medium,Health,130,18,0.4681,1
Easy,Strength,56,4,0.8875,1
Easy,Mind,56,9,0.6413,1
Easy,Mind,66,8,0.4136,1
Epic,Mind,502,26,0.2928,1
Easy,Strength,63,12,0.3751,1
Medium,Health,126,18,0.5089,1
Easy,Discipline,63,20,0.319,1
Medium,Health,124,23,0.969,1
Medium,Intellect,116,5,0.9331,1
Hard,Endurance,260,3,0.8707,0
Easy,Mind,74,23,0.4218,1
Easy,Health,61,26,0.6913,1
Easy,Discipline,56,2,0.9028,1
Epic,Intellect,495,2,0.8504,1
Hard,Strength,263,3,0.4143,1
Medium,Strength,118,24,0.1124,1
Medium,Discipline,116,4,0.0756,1
Medium,Intellect,128,7,0.5771,1
Easy,Mind,56,15,0.6426,1
Epic,Health,509,21,0.8498,1
Medium,Intellect,126,2,0.2925,1
Medium,Strength,119,23,0.1675,1
Medium,Discipline,134,11,0.379,1
Easy,Discipline,61,24,0.3536,1
Easy,Health,64,7,0.1325,1
Hard,Discipline,258,12,0.6723,1
Easy,Discipline,68,3,0.5087,1
Medium,Intellect,119,13,0.7211,1
Easy,Mind,72,13,0.3527,1
Medium,Health,128,12,0.3257,1
Easy,Intellect,56,26,0.4726,1
Medium,Mind,126,5,0.8774,1
Hard,Intellect,250,16,0.0403,0
Easy,Endurance,58,3,0.8048,1
Medium,Intellect,127,7,0.369,1
Medium,Discipline,118,16,0.8546,1
Medium,Mind,128,2,0.8022,1
Epic,Health,510,16,0.3488,0
Hard,Health,248,8,0.6939,1
Easy,Mind,55,1,0.1596,1
Easy,Discipline,67,24,0.8963,1
Easy,Strength,58,12,0.4045,0
Medium,Intellect,134,19,0.4556,1
Easy,Discipline,72,1,0.7058,1
Medium,Endurance,120,19,0.8208,1
Medium,Mind,117,27,0.2363,1
Easy,Intellect,67,10,0.6614,1
Hard,Health,260,26,0.392,1
Easy,Strength,59,25,0.3687,1
Easy,Endurance,58,21,0.69,1
Hard,Health,252,14,0.3872,1
Medium,Mind,133,10,0.3461,1
Medium,Intellect,128,22,0.8359,1
Medium,Mind,121,2,0.1013,1
Easy,Intellect,68,2,0.6759,1
Hard,Discipline,250,27,0.2487,1
Hard,Strength,256,25,0.0155,0
Medium,Discipline,130,11,0.1668,1
Easy,Discipline,71,23,0.6067,1
Medium,Mind,127,4,0.7091,0
Medium,Strength,128,19,0.0211,1
Easy,Intellect,61,6,0.0364,1
Epic,Intellect,508,6,0.9025,0
Easy,Endurance,69,12,0.0733,1
Epic,Health,506,8,0.8942,1
Medium,Endurance,131,24,0.2282,1
Easy,Endurance,63,20,0.74,1
Medium,Intellect,129,12,0.3097,1
Hard,Mind,256,11,0.8588,1
Hard,Discipline,246,12,0.7005,1
Hard,Discipline,249,23,0.4018,0
Medium,Discipline,127,9,0.0763,1
Medium,Strength,134,0,0.7327,0
Hard,Intellect,252,24,0.6169,1
Easy,Mind,68,7,0.0029,1
Medium,Strength,129,21,0.0094,1
Easy,Health,65,15,0.8088,1
Epic,Mind,495,12,0.2594,1
Epic,Endurance,497,2,0.6361,0
Easy,Mind,71,2,0.4542,1
Hard,Mind,263,23,0.8634,1
Epic,Discipline,508,4,0.917,1
Easy,Mind,62,25,0.9968,1
Medium,Endurance,127,10,0.1537,1
Epic,Endurance,514,29,0.863,1
Easy,Intellect,57,6,0.266,0
Medium,Mind,119,20,0.5908,1
Easy,Discipline,63,23,0.5058,1
Epic,Mind,500,9,0.018,1
Epic,Health,496,9,0.9328,1
Epic,Health,507,19,0.0783,0
Medium,Discipline,119,1,0.6882,1
Hard,Intellect,252,2,0.785,1
Hard,Intellect,245,7,0.7953,1
Easy,Endurance,74,10,0.1355,0
Hard,Endurance,256,12,0.4476,0
Easy,Strength,65,6,0.8294,1
Medium,Discipline,121,12,0.3027,1
Easy,Mind,69,1,0.4677,1
Easy,Discipline,65,5,0.2728,0
Easy,Strength,70,8,0.4636,1
Medium,Endurance,117,19,0.8878,1
Easy,Discipline,74,24,0.4551,1
Hard,Discipline,258,1,0.5559,0
Easy,Endurance,57,17,0.404,1
Easy,Strength,55,15,0.4601,1
Medium,Endurance,129,24,0.0152,0
Hard,Intellect,245,11,0.2837,0
Easy,Mind,71,6,0.4366,1
Medium,Endurance,116,6,0.6338,1
Hard,Strength,264,16,0.4501,1
Medium,Health,120,12,0.3378,0
Easy,Intellect,62,10,0.3881,1
Easy,Health,70,5,0.2423,0
Hard,Endurance,263,28,0.9245,1
Easy,Intellect,55,22,0.5217,1
Hard,Mind,247,26,0.0134,1
Medium,Endurance,117,13,0.0194,1
Epic,Mind,499,5,0.973,1
Hard,Discipline,256,5,0.2215,0
Epic,Health,506,1,0.8056,0
Medium,Intellect,134,21,0.0583,1
Hard,Mind,257,19,0.9212,1
Medium,Strength,134,24,0.8744,1
Medium,Mind,123,14,0.5711,0
Medium,Strength,121,27,0.009,1
Hard,Endurance,248,16,0.2578,0
Epic,Intellect,513,28,0.4068,0
Hard,Mind,263,7,0.4601,0
Medium,Mind,120,4,0.2977,1
Medium,Intellect,127,16,0.0329,1
Hard,Mind,255,19,0.5901,1
Easy,Strength,67,0,0.5242,1
Easy,Mind,67,21,0.283,1
Medium,Health,134,17,0.038,1
Easy,Endurance,69,14,0.9946,1
Easy,Discipline,67,4,0.482,1
Easy,Strength,65,6,0.756,1
Easy,Health,73,17,0.4523,1
Easy,Endurance,62,5,0.0432,0
Epic,Intellect,514,21,0.3096,1
Medium,Strength,122,20,0.3201,1
Medium,Discipline,124,4,0.8384,0
Medium,Endurance,130,29,0.6542,1
Easy,Discipline,73,18,0.2754,1
Epic,Intellect,505,9,0.9677,0
Hard,Intellect,257,14,0.3215,1
Easy,Strength,63,9,0.9982,1
Medium,Mind,134,26,0.9962,1
Hard,Intellect,263,15,0.1912,1
Epic,Endurance,510,11,0.3127,1
Medium,Mind,121,17,0.486,0
Medium,Health,133,22,0.6641,1
Easy,Discipline,66,0,0.528,1
Epic,Mind,509,15,0.9694,1
Easy,Discipline,68,21,0.724,1
Epic,Mind,505,5,0.212,0
Medium,Health,124,2,0.1051,0
Medium,Intellect,125,1,0.6884,1
Medium,Health,120,27,0.1585,1
Easy,Intellect,56,1,0.7877,1
Easy,Intellect,65,29,0.311,1
Easy,Discipline,73,12,0.3269,1
Easy,Endurance,60,8,0.0108,1
Hard,Health,258,15,0.701,1
Medium,Mind,134,26,0.1133,1
Easy,Health,60,4,0.7729,1
Epic,Discipline,511,22,0.4919,1
Hard,Intellect,254,27,0.7843,1
Epic,Discipline,495,20,0.5839,0
Epic,Strength,497,6,0.0824,0
Easy,Strength,62,12,0.7657,1
Medium,Mind,122,19,0.0698,1
Hard,Discipline,264,23,0.4787,1
Medium,Mind,129,28,0.1723,1
Easy,Mind,61,26,0.7523,1
Hard,Strength,255,29,0.9116,1
Easy,Mind,61,25,0.5541,1
Easy,Strength,58,12,0.5271,1
Medium,Intellect,126,26,0.764,1
Medium,Discipline,120,25,0.0051,1
Medium,Mind,128,6,0.9178,1
Easy,Strength,66,9,0.1974,1
Hard,Health,255,14,0.9841,0
Easy,Mind,73,20,0.7363,1
Easy,Endurance,59,26,0.7743,1
Hard,Intellect,258,5,0.6562,1
Epic,Intellect,510,4,0.4717,0
Hard,Health,257,22,0.5716,1
Hard,Strength,264,27,0.0464,1
Medium,Mind,118,1,0.624,1
Medium,Strength,125,20,0.6261,1
Easy,Intellect,71,14,0.8912,1
Medium,Strength,121,25,0.5057,1
Medium,Intellect,128,15,0.0771,0
Easy,Strength,65,18,0.3062,1
Hard,Health,253,8,0.6556,1
Medium,Discipline,127,28,0.2393,1
Easy,Health,72,21,0.2805,1
Easy,Health,65,28,0.8205,1
Medium,Discipline,129,25,0.5843,1
Easy,Discipline,73,18,0.5085,1
Hard,Mind,245,6,0.3185,1
Medium,Mind,118,3,0.7309,1
Medium,Health,128,29,0.2877,1
Medium,Health,128,2,0.7371,1
Hard,Intellect,247,23,0.0701,1
Easy,Intellect,71,28,0.8645,1
Medium,Mind,117,19,0.4996,1
Medium,Endurance,130,10,0.4385,1
Easy,Endurance,68,0,0.611,1
Hard,Mind,264,5,0.6242,1
Hard,Intellect,257,25,0.132,1
Medium,Intellect,129,10,0.7562,1
Hard,Endurance,258,26,0.2759,1
Hard,Strength,263,0,0.905,1
Hard,Strength,250,20,0.8179,1
Hard,Intellect,254,6,0.3463,1
Medium,Strength,129,5,0.8077,1
Medium,Discipline,134,13,0.3564,1
Medium,Mind,120,1,0.1009,1
Hard,Mind,254,26,0.9619,1
Easy,Intellect,61,3,0.6526,1
Hard,Health,261,10,0.4561,0
Hard,Endurance,262,14,0.3978,1
Easy,Intellect,71,17,0.3247,1
Hard,Strength,253,26,0.9814,1
Easy,Endurance,64,0,0.1347,1
Easy,Health,64,2,0.3148,1
Hard,Strength,251,2,0.4855,0
Easy,Discipline,70,27,0.478,1
Hard,Strength,262,6,0.4714,0
Hard,Discipline,250,0,0.1758,1
Medium,Endurance,134,24,0.1449,1
Easy,Discipline,55,10,0.2548,0
Easy,Endurance,55,5,0.9145,1
Medium,Endurance,126,19,0.1131,1
Epic,Endurance,496,2,0.7574,0
Medium,Endurance,118,18,0.7575,1
Easy,Endurance,71,1,0.8098,1
Medium,Strength,118,17,0.8866,1
Medium,Endurance,125,29,0.263,1
Hard,Strength,248,11,0.2246,1
Easy,Endurance,55,28,0.4655,1
Hard,Discipline,251,9,0.2651,1
Medium,Endurance,132,4,0.7343,1
Epic,Health,503,8,0.6359,0
Easy,Endurance,57,1,0.875,1
Medium,Endurance,122,1,0.0827,0
Epic,Discipline,513,27,0.9151,1
Easy,Mind,58,5,0.2933,1
Epic,Discipline,512,28,0.4907,1
Medium,Health,134,9,0.4386,1
Easy,Mind,65,17,0.7603,1
Easy,Intellect,68,11,0.4203,1
Hard,Intellect,262,3,0.9436,1
Easy,Health,70,21,0.9025,1
Medium,Discipline,117,20,0.8722,1
Easy,Strength,69,16,0.0713,1
Medium,Health,118,14,0.8543,1
Easy,Mind,59,5,0.7816,1
Hard,Mind,261,15,0.1035,1
Epic,Endurance,501,16,0.1074,1
Epic,Intellect,510,2,0.1012,1
Hard,Mind,258,9,0.0113,0
Easy,Health,70,4,0.5486,1
Hard,Mind,251,13,0.9734,1
Easy,Health,63,25,0.4387,1
Easy,Strength,58,28,0.5408,1
Easy,Endurance,65,20,0.968,1
Medium,Intellect,116,12,0.2552,1
Hard,Mind,256,25,0.8585,1
Medium,Health,126,5,0.5464,1
Medium,Discipline,118,11,0.5695,1
Easy,Intellect,72,25,0.3432,1
Epic,Strength,501,7,0.5616,1
Medium,Health,115,4,0.0731,1
Medium,Endurance,127,29,0.7646,1
Easy,Endurance,60,14,0.2847,1
Hard,Strength,250,26,0.8876,1
Medium,Strength,126,15,0.3679,1
Easy,Endurance,62,0,0.1428,1
Easy,Mind,73,15,0.6959,1
Medium,Mind,119,4,0.1646,1
Medium,Health,132,2,0.7537,1
Easy,Discipline,59,19,0.9681,1
Epic,Health,504,14,0.7796,1
Easy,Discipline,55,12,0.0224,1
Medium,Strength,124,23,0.5999,1
Epic,Intellect,499,15,0.6954,1
Medium,Health,126,22,0.8255,1
Medium,Health,121,10,0.056,1
Medium,Discipline,123,20,0.4801,1
Easy,Strength,66,1,0.5354,1
Epic,Strength,495,21,0.1691,1
Medium,Discipline,125,26,0.3224,1
Hard,Strength,259,5,0.4402,1
Easy,Endurance,56,25,0.8332,1
Easy,Mind,74,25,0.9294,1
Easy,Endurance,61,29,0.6284,1
Medium,Intellect,126,26,0.3949,1
Medium,Health,132,5,0.254,0
Hard,Intellect,247,13,0.9821,1
Medium,Health,121,24,0.983,0
Epic,Mind,505,10,0.925,1
Easy,Strength,72,7,0.7857,1
Hard,Endurance,256,7,0.3258,0
Hard,Discipline,250,0,0.817,1
Hard,Endurance,249,20,0.4088,1
Hard,Mind,245,6,0.3268,1
Hard,Intellect,256,5,0.7449,0
Medium,Discipline,125,20,0.0797,1
Easy,Strength,58,7,0.0486,1
Easy,Mind,72,18,0.448,0
Epic,Discipline,498,21,0.4456,1
Medium,Mind,131,20,0.8956,1
Hard,Mind,246,23,0.1262,1
Medium,Strength,116,19,0.1233,1
Easy,Health,66,7,0.1475,1
Easy,Discipline,60,25,0.0297,1
Medium,Strength,124,13,0.0717,0
Medium,Mind,130,17,0.6599,0
Easy,Strength,68,24,0.4316,1
Medium,Health,121,28,0.7636,1
Easy,Endurance,73,15,0.9926,0
Medium,Discipline,131,8,0.659,0
Easy,Health,63,14,0.0505,1
Hard,Intellect,257,29,0.1046,0
Easy,Discipline,59,25,0.881,1
Medium,Health,119,9,0.5275,0
Easy,Mind,64,28,0.8248,1
Easy,Discipline,64,21,0.8566,1
Medium,Discipline,121,15,0.9277,1
Medium,Strength,129,3,0.9498,1
Medium,Mind,121,19,0.5548,1
Easy,Intellect,69,12,0.341,1
Medium,Endurance,117,21,0.9619,0
Hard,Health,263,4,0.5474,1
Hard,Strength,254,21,0.0643,1
Easy,Health,69,6,0.6428,1
Medium,Intellect,117,22,0.5877,1
Easy,Intellect,60,8,0.8958,1
Easy,Discipline,66,7,0.6532,1
Epic,Intellect,509,28,0.3491,1
Easy,Health,60,15,0.9662,1
Medium,Mind,127,5,0.8016,1
Medium,Mind,133,27,0.6304,1
Hard,Discipline,247,15,0.2929,1
Medium,Endurance,122,5,0.3735,1
Easy,Health,62,13,0.67,1
Easy,Health,74,20,0.072,1
Medium,Intellect,129,0,0.2567,0
Easy,Health,58,24,0.7139,1
Medium,Strength,133,8,0.48,0
Easy,Endurance,57,24,0.4024,1
Easy,Intellect,67,26,0.1515,1
Medium,Strength,122,23,0.4418,1
Easy,Discipline,70,12,0.7707,1
Medium,Mind,127,25,0.264,1
Medium,Discipline,117,28,0.0054,1
Hard,Mind,260,18,0.6685,1
Easy,Discipline,63,16,0.9726,1
Easy,Health,68,10,0.6068,1
Easy,Strength,67,27,0.1199,1
Medium,Mind,121,27,0.3207,1
Hard,Intellect,259,7,0.8676,1
Easy,Strength,61,22,0.2326,1
Epic,Intellect,500,28,0.6077,1
Easy,Strength,56,4,0.4027,0
Medium,Strength,123,9,0.2078,1
Hard,Discipline,261,6,0.8134,1
Hard,Mind,249,9,0.7428,0
Hard,Mind,256,3,0.6616,0
Hard,Strength,245,8,0.2363,1
Easy,Health,64,26,0.0979,1
Hard,Health,255,25,0.5762,1
Easy,Intellect,70,13,0.5537,1
Hard,Intellect,258,1,0.1884,0
Medium,Discipline,122,24,0.0562,1
Hard,Strength,261,8,0.0807,1
Medium,Intellect,132,20,0.9928,1
Medium,Intellect,126,26,0.7836,1
Medium,Endurance,131,0,0.922,1
Hard,Strength,258,22,0.1951,1
Easy,Discipline,70,9,0.9606,1
Easy,Intellect,68,9,0.1427,1
Easy,Discipline,63,19,0.5091,1
Easy,Mind,58,24,0.8297,1
Hard,Discipline,255,21,0.3498,1
Easy,Health,60,28,0.4248,1
Epic,Health,509,2,0.1282,1
Easy,Discipline,59,5,0.1229,1
Easy,Health,65,28,0.6196,1
Hard,Mind,262,25,0.6755,1
Medium,Strength,127,5,0.7773,1
Medium,Health,125,20,0.5567,1
Medium,Health,128,1,0.6458,1
Hard,Discipline,262,25,0.0135,1
Easy,Mind,73,25,0.1622,1
Epic,Strength,509,17,0.9849,1
Epic,Discipline,503,22,0.076,0
Medium,Discipline,122,1,0.6788,1
Easy,Endurance,74,11,0.1761,1
Medium,Mind,115,21,0.7167,1
Easy,Strength,58,4,0.706,1
Easy,Mind,68,19,0.2342,1
Easy,Strength,56,6,0.2696,1
Medium,Mind,130,23,0.6548,1
Hard,Discipline,247,15,0.3901,1
Hard,Discipline,252,19,0.1945,1
Hard,Intellect,250,0,0.7317,1
Medium,Health,130,0,0.1541,0
Easy,Endurance,70,16,0.8556,1
Medium,Mind,121,26,0.5147,1
Epic,Endurance,507,0,0.1057,0
Easy,Intellect,67,20,0.6941,1
Hard,Health,249,19,0.5192,1
Medium,Mind,134,12,0.2981,0
Medium,Strength,132,29,0.4225,1
Hard,Health,259,8,0.2983,0
Medium,Discipline,132,14,0.263,1
Hard,Intellect,246,2,0.1636,0
Epic,Health,504,13,0.3628,0
Medium,Health,127,22,0.251,0
Easy,Discipline,72,10,0.6834,1
Medium,Mind,129,23,0.6839,1
Epic,Strength,506,21,0.5018,1
Easy,Discipline,69,11,0.7779,0
Medium,Strength,127,12,0.8413,1
Medium,Mind,132,25,0.5798,1
Hard,Health,259,12,0.6189,1
Easy,Strength,65,0,0.2829,0
Hard,Intellect,263,23,0.8949,1
Epic,Intellect,497,9,0.0242,0
Easy,Discipline,61,2,0.3486,1
Easy,Mind,68,23,0.7218,1
Epic,Discipline,508,27,0.0801,1
Easy,Discipline,67,3,0.1832,1
Hard,Endurance,256,15,0.5893,1
Medium,Discipline,123,7,0.56,1
Easy,Endurance,55,15,0.7389,1
Hard,Intellect,263,26,0.8126,1
Medium,Intellect,125,16,0.1286,1
Medium,Discipline,133,18,0.0184,1
Medium,Intellect,132,21,0.6896,1
Medium,Mind,126,14,0.3014,1
Easy,Endurance,55,15,0.626,1
Medium,Endurance,133,14,0.1505,0
Epic,Discipline,514,24,0.469,1
Easy,Intellect,71,1,0.5044,1
Medium,Strength,119,10,0.5851,1
Easy,Endurance,57,0,0.5132,1
Hard,Discipline,246,14,0.4957,1
Easy,Discipline,57,25,0.3327,1
Epic,Mind,502,18,0.0712,0
Medium,Health,130,3,0.0895,1
Easy,Health,60,10,0.4338,1
Easy,Endurance,67,4,0.3558,1
Easy,Mind,70,2,0.5161,1
Medium,Mind,130,12,0.3048,1
Easy,Mind,57,9,0.6879,1
Hard,Endurance,257,10,0.864,1
Medium,Health,128,17,0.2989,1
Easy,Mind,62,1,0.193,1
Medium,Intellect,126,6,0.1162,0
Hard,Discipline,252,8,0.6163,1
Easy,Discipline,63,9,0.4439,1
Easy,Strength,55,17,0.188,1
Easy,Strength,60,22,0.6531,1
Hard,Endurance,263,6,0.1485,0
Medium,Endurance,125,26,0.5543,1
Medium,Discipline,125,6,0.5271,0
Hard,Intellect,257,2,0.7342,1
Hard,Health,255,11,0.0551,1
Medium,Health,132,6,0.8879,1
Hard,Endurance,259,16,0.703,1
Easy,Intellect,55,25,0.2161,1
Easy,Endurance,61,0,0.1834,1
Easy,Health,67,4,0.4317,1
Easy,Endurance,66,15,0.8176,0
Medium,Mind,132,14,0.8429,1
Epic,Endurance,513,1,0.5205,0
Easy,Discipline,69,8,0.8608,1
Easy,Endurance,62,6,0.0054,1
Medium,Discipline,133,3,0.0352,1
Epic,Intellect,504,19,0.9118,1
Easy,Health,61,17,0.7753,1
Medium,Strength,132,20,0.4507,1
Easy,Strength,70,3,0.7536,1
Easy,Health,74,27,0.9556,0
Epic,Strength,500,12,0.7721,1
Epic,Endurance,503,0,0.8424,0
Easy,Intellect,67,27,0.7606,1
Epic,Intellect,502,23,0.1682,1
Medium,Health,130,2,0.8336,1
Hard,Strength,257,15,0.1951,0
Medium,Endurance,127,29,0.8926,1
Medium,Intellect,131,21,0.4586,1
Medium,Intellect,134,3,0.677,1
Medium,Mind,119,24,0.4972,1
Easy,Mind,71,22,0.094,1
Easy,Intellect,63,24,0.2907,1
Easy,Health,56,15,0.9837,1
Hard,Discipline,262,25,0.9607,1
Easy,Discipline,63,18,0.3205,0
Medium,Endurance,120,0,0.9963,1
Epic,Intellect,505,4,0.8456,0
Easy,Intellect,60,18,0.611,1
Medium,Intellect,120,21,0.0401,1
Medium,Health,127,23,0.9014,1
Hard,Mind,255,10,0.5574,1
Easy,Intellect,68,12,0.8685,1
Medium,Intellect,116,19,0.8344,1
Hard,Strength,252,4,0.833,1
Epic,Health,497,20,0.6982,0
Medium,Endurance,117,3,0.2914,1
Medium,Intellect,115,3,0.3362,1
Medium,Strength,133,3,0.3085,1
Hard,Discipline,262,3,0.02,1
Medium,Endurance,131,19,0.5826,1
Easy,Intellect,74,20,0.6988,1
Epic,Intellect,507,17,0.8539,1
Medium,Strength,117,17,0.1402,1
Medium,Health,115,15,0.5442,1
Easy,Intellect,58,8,0.008,1
Medium,Discipline,127,17,0.0951,1
Medium,Intellect,131,21,0.0542,1
Medium,Discipline,125,1,0.7255,1
Easy,Endurance,56,20,0.0811,1
Medium,Endurance,130,3,0.7165,1
Epic,Mind,496,11,0.2496,1
Easy,Mind,73,6,0.8777,1
Epic,Discipline,513,14,0.8131,1
Medium,Health,130,6,0.9578,1
Hard,Intellect,263,28,0.8838,1
Hard,Intellect,253,21,0.9333,1
Medium,Mind,115,25,0.8587,1
Hard,Discipline,254,20,0.6934,1
Hard,Intellect,263,16,0.1703,1
Medium,Intellect,115,15,0.2717,1
Easy,Health,56,27,0.2127,1
Medium,Strength,130,18,0.6036,1
Hard,Mind,256,8,0.5036,1
Hard,Mind,252,13,0.8671,1
Hard,Strength,262,16,0.9527,1
Medium,Intellect,116,4,0.4049,1
Hard,Health,257,1,0.5064,1
Easy,Health,60,19,0.9715,0
Medium,Mind,120,15,0.2762,0
Easy,Health,63,13,0.7924,1
Easy,Endurance,70,13,0.2252,0
Medium,Strength,125,26,0.6815,1
Medium,Intellect,121,0,0.2536,1
Medium,Endurance,124,2,0.8837,1
Medium,Strength,124,25,0.5615,1
Medium,Discipline,134,6,0.1859,1
Easy,Mind,72,25,0.2244,0
Medium,Health,134,14,0.4938,1
Easy,Discipline,63,18,0.9616,1
Easy,Health,69,19,0.7696,1
Medium,Endurance,118,1,0.4883,1
Medium,Intellect,122,18,0.3377,1
Medium,Intellect,123,8,0.5493,1
Medium,Intellect,127,18,0.7484,1
Medium,Health,123,26,0.7839,1
Hard,Discipline,248,4,0.3246,1
Medium,Intellect,131,17,0.7212,1
Medium,Discipline,130,15,0.6578,0
Easy,Health,69,3,0.9591,1
Easy,Endurance,57,11,0.9311,1
Medium,Discipline,134,28,0.7894,1
Medium,Endurance,119,6,0.7234,1
Medium,Health,119,13,0.274,0
Medium,Health,134,22,0.846,1
Medium,Mind,129,11,0.4275,1
Hard,Health,262,2,0.2722,0
Hard,Health,259,4,0.3842,0
Hard,Strength,246,16,0.8359,1
Epic,Intellect,507,25,0.1486,1
Easy,Mind,58,9,0.4562,1
Easy,Mind,64,9,0.4924,1
Easy,Mind,67,10,0.0366,1
Medium,Strength,124,16,0.1957,1
Hard,Endurance,253,4,0.8267,1
Easy,Health,62,12,0.8308,1
Epic,Intellect,497,9,0.2924,1
Easy,Discipline,70,8,0.8749,1
Epic,Endurance,508,16,0.7718,1
Medium,Health,123,0,0.4179,0
Easy,Strength,65,3,0.7484,1
Medium,Health,117,3,0.9613,1
Easy,Health,59,17,0.459,1
Easy,Strength,64,8,0.2384,1
Easy,Mind,67,29,0.9418,1
Hard,Mind,248,24,0.6037,1
Medium,Intellect,127,28,0.1053,1
Easy,Intellect,66,28,0.5727,1
Medium,Mind,119,17,0.5006,1
Hard,Endurance,254,13,0.8556,1
Easy,Discipline,63,24,0.5307,1
Medium,Health,134,14,0.2552,1
Easy,Discipline,61,5,0.6756,1
Easy,Health,56,23,0.5426,1
Medium,Mind,121,9,0.233,1
Easy,Intellect,62,28,0.5736,1
Medium,Endurance,121,14,0.8215,1
Hard,Intellect,258,28,0.0286,0
Easy,Discipline,73,3,0.6309,1
Medium,Intellect,119,17,0.3496,1
Easy,Mind,72,17,0.2927,1
Epic,Endurance,514,24,0.3926,0
Medium,Discipline,126,16,0.342,1
Hard,Endurance,261,11,0.8322,1
Medium,Health,127,6,0.2748,0
Easy,Intellect,56,15,0.7332,1
Medium,Endurance,127,10,0.0941,1
Epic,Strength,501,13,0.9514,0
Medium,Intellect,124,2,0.6223,1
Hard,Health,250,18,0.7067,1
Hard,Endurance,247,17,0.298,1
Easy,Discipline,57,29,0.4121,1
Easy,Health,72,9,0.2238,1
Medium,Strength,125,5,0.9325,1
Medium,Endurance,134,12,0.4881,1
Hard,Mind,249,9,0.6304,1
Epic,Intellect,513,17,0.7343,0
Medium,Discipline,133,25,0.3711,1
Easy,Mind,69,19,0.7201,1
Hard,Endurance,260,25,0.676,1
Easy,Endurance,63,15,0.7057,1
Hard,Health,248,24,0.4892,1
Medium,Endurance,129,24,0.3829,1
Medium,Discipline,126,5,0.2221,1
Easy,Mind,57,12,0.8246,1
Medium,Discipline,128,3,0.6084,0
Medium,Strength,131,22,0.4444,1
Medium,Strength,133,13,0.944,1
Easy,Intellect,60,0,0.0478,1
Hard,Intellect,248,27,0.8502,1
Hard,Strength,251,19,0.9976,1
Easy,Endurance,73,4,0.8869,1
Easy,Discipline,71,7,0.8104,1
Easy,Strength,70,11,0.3743,1
Medium,Intellect,129,1,0.2313,1
Medium,Strength,122,11,0.7349,1
Medium,Endurance,133,4,0.3046,0
Easy,Strength,62,21,0.176,1
Medium,Discipline,132,4,0.7865,1
Medium,Mind,130,12,0.3125,1
Medium,Endurance,134,8,0.9144,1
Epic,Intellect,513,9,0.8406,1
Easy,Discipline,64,0,0.8476,1
Medium,Strength,131,29,0.7716,1
Medium,Strength,127,2,0.8809,1
Medium,Mind,127,29,0.8057,1
Hard,Intellect,251,17,0.6025,0
Medium,Intellect,124,11,0.2958,1
Epic,Health,496,28,0.8882,1
Easy,Intellect,58,2,0.8406,1
Easy,Mind,60,25,0.4729,0
Hard,Health,262,24,0.0391,0
Medium,Health,120,28,0.6385,1
Easy,Strength,71,29,0.0506,1
Easy,Strength,68,8,0.9263,1
Easy,Intellect,65,25,0.9616,1
Hard,Health,263,1,0.1895,1
Easy,Strength,56,29,0.6764,1
Easy,Mind,57,2,0.0923,1
Easy,Strength,65,13,0.7295,1
Medium,Endurance,120,3,0.3473,1
Easy,Endurance,68,24,0.6811,1
Medium,Strength,133,18,0.3729,1
Easy,Health,70,12,0.1456,1
Hard,Health,251,6,0.4061,1
Easy,Discipline,62,11,0.1127,0
Medium,Endurance,133,2,0.5769,0
Hard,Mind,264,22,0.041,0
Medium,Health,130,22,0.5273,1
Medium,Intellect,121,8,0.8864,1
Easy,Endurance,63,1,0.8379,0
Easy,Mind,67,28,0.8828,1
Medium,Mind,115,21,0.922,1
Epic,Health,502,8,0.1045,0
Medium,Mind,118,11,0.1287,1
Medium,Health,117,11,0.557,1
Hard,Strength,247,14,0.894,0
Medium,Endurance,127,1,0.9743,1
Easy,Discipline,62,17,0.0463,1
Medium,Strength,121,12,0.3558,1
Epic,Endurance,495,13,0.2129,1
Easy,Health,70,4,0.756,1
Medium,Endurance,120,25,0.6402,1
Easy,Health,61,9,0.1199,1
Medium,Strength,126,11,0.4835,0
Easy,Intellect,63,9,0.6854,1
Medium,Intellect,125,23,0.779,1
Hard,Endurance,254,10,0.0201,1
Easy,Intellect,55,24,0.8905,0
Medium,Health,132,1,0.5693,1
Hard,Mind,248,4,0.8119,0
Epic,Health,499,29,0.8079,0
Easy,Mind,63,6,0.1899,1
Medium,Strength,131,5,0.1102,0
Easy,Discipline,57,21,0.7213,1
Epic,Mind,510,22,0.1564,0
Epic,Intellect,499,2,0.8499,1
Medium,Health,130,12,0.7262,1
Hard,Strength,247,2,0.8418,0
Medium,Intellect,134,25,0.299,1
Medium,Strength,129,24,0.3166,1
Easy,Discipline,57,29,0.6712,1
Hard,Health,264,23,0.0314,1
Easy,Endurance,68,20,0.7265,1
Hard,Health,260,5,0.8358,1
Hard,Discipline,261,10,0.4152,1
Hard,Health,264,27,0.7649,1
Easy,Endurance,72,25,0.1746,1
Easy,Mind,72,16,0.3223,1
Easy,Strength,68,9,0.9743,1
Medium,Endurance,132,11,0.9863,1
Easy,Intellect,69,16,0.5126,1
Epic,Discipline,509,3,0.9343,1
Medium,Mind,120,1,0.5227,1
Easy,Intellect,69,10,0.2916,1
Medium,Intellect,132,6,0.2669,1
Medium,Discipline,118,1,0.9295,1
Medium,Mind,122,25,0.1724,1
Medium,Intellect,129,17,0.5796,1
Epic,Intellect,497,20,0.5555,0
Medium,Mind,129,3,0.7396,1
Epic,Health,507,7,0.4992,0
Hard,Intellect,253,19,0.2723,1
Easy,Strength,56,13,0.1694,1
Epic,Mind,502,11,0.6208,1
Easy,Intellect,74,21,0.719,1
Hard,Discipline,261,20,0.5695,1
Medium,Endurance,127,26,0.7384,1
Hard,Strength,245,29,0.1415,1
Hard,Endurance,246,17,0.8825,1
Hard,Endurance,259,10,0.5824,0
Hard,Intellect,256,28,0.1268,1
Easy,Strength,68,27,0.4619,1
Easy,Strength,56,29,0.8448,1
Medium,Health,132,7,0.8976,1
Easy,Endurance,61,1,0.2646,1
Medium,Strength,120,24,0.7113,1
Easy,Health,68,14,0.1,1
Epic,Mind,502,8,0.0335,0
Medium,Health,116,18,0.5604,1
Hard,Discipline,261,19,0.6948,0
Easy,Intellect,59,7,0.7958,1
Hard,Mind,258,24,0.3402,0
Epic,Mind,514,18,0.0065,0
Medium,Discipline,117,4,0.4795,0
Medium,Health,119,10,0.0159,1
Hard,Intellect,260,14,0.092,1
Easy,Health,72,7,0.3267,1
Medium,Strength,131,18,0.4372,1
Medium,Health,125,22,0.2795,1
Easy,Mind,71,26,0.5819,1
Medium,Intellect,130,7,0.0553,1
Easy,Health,56,25,0.1446,1
Easy,Intellect,58,26,0.6953,1
Easy,Intellect,61,29,0.1421,1
Epic,Strength,496,18,0.6398,1
Medium,Strength,120,17,0.0547,1
Epic,Mind,511,9,0.4074,1
Medium,Discipline,121,28,0.1774,1
Easy,Intellect,59,6,0.1096,1
Medium,Discipline,119,27,0.567,1
Medium,Mind,134,8,0.9283,1
Easy,Intellect,70,0,0.0548,1
Medium,Intellect,133,18,0.4216,1
Easy,Endurance,63,4,0.7075,1
Medium,Discipline,119,18,0.4627,1
Medium,Health,122,0,0.8065,1
Easy,Strength,63,14,0.1796,1
Easy,Health,59,15,0.9596,1
Hard,Discipline,254,22,0.3852,1
Medium,Strength,116,6,0.3416,0
Easy,Health,63,25,0.8746,1
Epic,Endurance,505,11,0.5639,0
Easy,Strength,58,7,0.5164,1
Medium,Intellect,116,4,0.727,1
Epic,Health,500,9,0.5798,1
Easy,Strength,68,27,0.1625,1
Easy,Endurance,55,20,0.6742,1
Easy,Strength,72,4,0.1335,1
Easy,Strength,61,16,0.8059,1
Easy,Endurance,55,25,0.9897,1
Medium,Health,115,4,0.3774,1
Easy,Mind,55,21,0.4448,1
Medium,Health,118,14,0.0464,1
Epic,Discipline,498,12,0.0137,0
Hard,Endurance,262,27,0.9214,0
Medium,Health,125,0,0.1286,0
Easy,Strength,55,10,0.4458,1
Medium,Endurance,124,22,0.8154,1
Medium,Intellect,123,0,0.8893,0
Medium,Health,118,10,0.5194,1
Easy,Endurance,60,17,0.565,0
Hard,Health,260,17,0.6697,1
Medium,Endurance,116,20,0.9614,1
Easy,Strength,72,29,0.6027,1
Medium,Intellect,124,25,0.5595,1
Medium,Intellect,131,15,0.0145,0
Hard,Discipline,257,12,0.0809,1
Hard,Endurance,262,6,0.5772,0
Hard,Health,257,0,0.9362,0
Easy,Intellect,71,25,0.8667,1
Medium,Intellect,119,15,0.9826,1
Medium,Mind,125,0,0.5278,0
Easy,Mind,61,16,0.7879,1
Easy,Intellect,64,5,0.8404,1
Hard,Endurance,261,1,0.648,1
Easy,Discipline,69,16,0.3387,1
Medium,Intellect,132,5,0.47,0
Easy,Strength,73,13,0.8579,1
Easy,Health,56,17,0.2985,1
Easy,Discipline,58,5,0.9237,1
Epic,Strength,497,9,0.2298,0
Hard,Discipline,251,23,0.7495,1
Epic,Strength,512,17,0.6306,1
Medium,Health,124,26,0.7496,1
Easy,Health,61,8,0.4373,1
Medium,Mind,122,7,0.9326,1
Medium,Endurance,120,27,0.6325,1
Hard,Strength,245,9,0.2883,1
Easy,Mind,58,16,0.6385,1
Medium,Strength,128,22,0.2868,1
Easy,Mind,71,29,0.2936,1
Easy,Health,74,28,0.3996,1
Hard,Discipline,262,25,0.8524,1
Medium,Mind,125,5,0.5003,1
Medium,Strength,128,13,0.6789,1
Medium,Strength,123,21,0.392,1
Medium,Endurance,129,21,0.2636,1
Hard,Health,256,5,0.9546,1
Hard,Strength,254,25,0.6036,1
Epic,Intellect,513,6,0.934,1
Hard,Discipline,263,11,0.2034,0
Easy,Mind,60,2,0.1469,0
Medium,Endurance,134,13,0.8558,0
Medium,Discipline,120,21,0.6809,1
Easy,Health,62,18,0.1866,1
Hard,Endurance,245,22,0.2694,1
Easy,Mind,71,15,0.8007,1
Epic,Mind,511,6,0.4539,0
Medium,Intellect,129,7,0.6705,1
Medium,Health,121,17,0.3184,1
Medium,Endurance,133,24,0.3812,1
Hard,Endurance,247,12,0.9907,1
Medium,Strength,125,20,0.2476,1
Medium,Intellect,134,8,0.5065,1
Easy,Intellect,73,9,0.8444,1
Medium,Endurance,123,20,0.2392,1
Easy,Endurance,64,22,0.4152,1
Hard,Discipline,246,26,0.6151,1
Medium,Discipline,115,8,0.4812,1
Medium,Discipline,130,14,0.4595,1
Easy,Intellect,72,19,0.3625,1
Easy,Strength,71,1,0.5866,1
Hard,Mind,250,24,0.6244,1
Easy,Discipline,68,12,0.6533,1
Easy,Strength,69,1,0.0704,1
Easy,Health,68,18,0.631,1
Epic,Discipline,497,25,0.9532,1
Hard,Mind,263,1,0.541,0
Medium,Health,126,2,0.7153,1
Easy,Health,56,5,0.5567,0
Easy,Mind,57,2,0.8547,0
Hard,Discipline,262,9,0.9296,0
Medium,Intellect,115,23,0.1842,1
Easy,Mind,74,26,0.4369,1
Easy,Mind,60,5,0.3924,1
Easy,Mind,59,22,0.4052,1
Medium,Health,115,15,0.1255,1
Hard,Strength,263,16,0.8136,1
Easy,Intellect,55,18,0.0358,1
Easy,Discipline,70,2,0.5282,0
Easy,Discipline,66,17,0.6619,1
Epic,Strength,502,6,0.2075,1
Easy,Mind,70,8,0.9059,1
Hard,Intellect,245,19,0.8385,1
Medium,Discipline,118,11,0.4711,1
Medium,Endurance,124,4,0.4111,0
Easy,Discipline,65,2,0.2366,1
Easy,Mind,71,10,0.73,1
Medium,Endurance,121,24,0.1317,1
Hard,Strength,256,29,0.6802,1
Medium,Intellect,121,3,0.8425,1
Medium,Strength,126,4,0.2285,0
Easy,Strength,69,0,0.8664,1
Epic,Intellect,496,26,0.0333,1
Hard,Intellect,258,27,0.9128,1
Easy,Discipline,67,28,0.1184,1
Epic,Discipline,498,17,0.6458,0
Medium,Intellect,128,11,0.2501,1
Medium,Endurance,128,12,0.8366,1
Hard,Health,260,8,0.5123,0
Hard,Discipline,251,1,0.1352,0
Medium,Health,133,4,0.571,0
Easy,Endurance,56,12,0.4079,1
Easy,Intellect,64,15,0.6614,1
Epic,Endurance,512,15,0.8819,1
Easy,Discipline,71,23,0.4094,1
Medium,Strength,119,2,0.2899,1
Medium,Intellect,126,21,0.0145,1
Medium,Mind,120,3,0.5748,1
Medium,Health,123,10,0.4023,0
Epic,Endurance,514,22,0.3746,0
Easy,Intellect,55,25,0.1829,1
Easy,Endurance,69,13,0.4301,1
Easy,Intellect,60,28,0.9844,1
Hard,Discipline,263,2,0.2978,1
Medium,Discipline,132,15,0.5997,1
Easy,Discipline,60,21,0.7765,1
Hard,Endurance,257,14,0.7492,1
Hard,Mind,245,27,0.3288,1
Hard,Discipline,257,9,0.6109,1
Epic,Intellect,501,8,0.8713,1
Easy,Discipline,69,10,0.0154,1
Hard,Strength,256,15,0.4357,1
Medium,Discipline,115,9,0.2243,0
Hard,Endurance,259,16,0.3886,0
Hard,Mind,248,18,0.416,1
Hard,Strength,257,1,0.7467,0
Medium,Endurance,119,23,0.0938,1
Easy,Endurance,56,22,0.5126,0
Medium,Endurance,115,1,0.5642,1
Epic,Intellect,510,5,0.4942,0
Epic,Endurance,500,18,0.7319,1
Easy,Intellect,70,7,0.3838,1
Easy,Endurance,68,25,0.945,1
Easy,Health,57,28,0.4818,1
Hard,Strength,259,2,0.5712,1
Hard,Health,247,25,0.8255,1
Easy,Endurance,56,13,0.2752,0
Medium,Strength,115,24,0.0752,1
Hard,Strength,253,15,0.7078,1
Hard,Mind,253,0,0.483,0
Medium,Health,121,20,0.8965,0
Medium,Mind,117,2,0.9827,1
Medium,Strength,132,21,0.3991,1
Easy,Intellect,65,25,0.4154,1
Medium,Strength,121,17,0.408,1
Medium,Mind,123,8,0.3246,1
Hard,Health,245,5,0.7817,1
Medium,Endurance,128,22,0.759,1
Hard,Endurance,264,20,0.4786,0
Easy,Health,60,24,0.0447,1
Medium,Endurance,121,0,0.3096,0
Easy,Endurance,64,20,0.2923,1
Easy,Mind,61,26,0.8111,1
Hard,Health,246,9,0.0876,1
Epic,Discipline,498,26,0.8057,1
Easy,Intellect,71,5,0.6692,1
Medium,Intellect,115,22,0.7324,1
Hard,Endurance,254,11,0.4322,0
Easy,Intellect,73,3,0.6797,1
Medium,Health,129,27,0.609,1
Hard,Health,254,12,0.769,1
Medium,Strength,133,16,0.4468,0
Easy,Strength,66,26,0.4728,1
Medium,Intellect,130,7,0.6436,0
Hard,Discipline,253,25,0.1081,1
Medium,Strength,129,19,0.4362,1
Easy,Strength,71,2,0.972,1
Hard,Health,258,11,0.0376,1
Easy,Discipline,72,6,0.316,1
Hard,Endurance,246,11,0.3141,1
Easy,Intellect,58,1,0.6335,1
Epic,Strength,512,23,0.1058,0
Medium,Discipline,121,13,0.6285,1
Easy,Discipline,67,21,0.095,1
Easy,Intellect,69,22,0.095,1
Easy,Discipline,55,29,0.7282,1
Hard,Discipline,255,4,0.3241,0
Epic,Discipline,504,8,0.9774,0
Medium,Strength,119,20,0.0374,0
Medium,Intellect,130,10,0.4451,1
Hard,Discipline,255,4,0.1131,0
Hard,Discipline,250,2,0.3514,0
Medium,Strength,123,26,0.9982,1
Medium,Intellect,127,16,0.8888,1
Medium,Health,122,1,0.0483,0
Medium,Strength,128,23,0.5633,1
Easy,Intellect,55,0,0.6478,1
Medium,Discipline,131,6,0.2095,0
Medium,Intellect,119,29,0.1451,1
Hard,Intellect,246,13,0.9044,1
Easy,Endurance,63,4,0.9688,1
Medium,Intellect,118,18,0.9919,1
Medium,Health,131,27,0.7898,1
Medium,Intellect,131,27,0.6635,1
Easy,Health,72,10,0.3457,1
Medium,Discipline,130,22,0.1714,0
Medium,Health,122,24,0.079,1
Medium,Discipline,125,1,0.6933,1
Medium,Discipline,132,7,0.7847,1
Medium,Health,124,8,0.8265,1
Hard,Strength,257,26,0.9138,1
Easy,Mind,71,2,0.8799,1
Hard,Intellect,262,1,0.9997,0
Medium,Endurance,124,6,0.2441,0
Easy,Mind,70,4,0.7633,0
Easy,Intellect,74,20,0.5865,1
Easy,Intellect,59,25,0.2612,1
Hard,Discipline,257,4,0.9819,0
Hard,Intellect,262,19,0.8979,1
Hard,Endurance,261,12,0.1285,1
Medium,Intellect,123,20,0.0262,1
Medium,Health,128,28,0.6883,1
Easy,Mind,71,19,0.6041,1
Easy,Health,58,28,0.9358,1
Medium,Endurance,132,5,0.234,1
Easy,Intellect,74,19,0.0844,1
Easy,Endurance,69,17,0.2592,1
Medium,Discipline,125,24,0.0189,0
Hard,Health,256,1,0.0359,0
Epic,Health,503,24,0.9149,0
Epic,Strength,507,25,0.352,1
Medium,Intellect,129,5,0.4108,1
Medium,Discipline,129,8,0.0184,1
Medium,Health,119,24,0.2705,1
Hard,Health,263,2,0.8047,1
Easy,Discipline,74,0,0.6155,1
Medium,Endurance,128,0,0.7538,1
Hard,Endurance,261,18,0.4472,1
Medium,Intellect,132,4,0.3097,0
Medium,Strength,117,12,0.4828,1
Medium,Health,116,18,0.3231,1
Easy,Strength,55,11,0.839,1
Medium,Endurance,124,15,0.2977,1
Easy,Endurance,73,24,0.6598,1
Easy,Mind,71,24,0.137,1
Easy,Intellect,66,18,0.6869,1
Hard,Mind,245,2,0.9133,0
Easy,Mind,66,11,0.6086,1
Medium,Mind,131,29,0.5599,1
Easy,Intellect,57,4,0.9611,1
Epic,Intellect,505,1,0.6274,1
Easy,Discipline,71,21,0.2596,1
Medium,Strength,117,6,0.2924,1
Hard,Strength,252,12,0.7053,1
Hard,Discipline,264,24,0.7354,1
Easy,Discipline,58,14,0.3035,1
Hard,Endurance,251,21,0.3453,1
Medium,Mind,128,2,0.9911,0
Medium,Discipline,128,27,0.102,1
Easy,Health,58,20,0.4046,1
Easy,Strength,70,19,0.0624,1
Hard,Discipline,245,4,0.8211,0
Medium,Health,131,23,0.0923,1
Medium,Health,124,7,0.674,1
Hard,Health,260,21,0.0565,0
Hard,Endurance,260,0,0.6729,0
Easy,Endurance,62,7,0.843,1
Medium,Health,121,23,0.3988,1
Easy,Endurance,60,17,0.5221,1
Hard,Mind,260,19,0.4015,1
Medium,Health,134,27,0.3005,1
Epic,Mind,510,15,0.8033,1
Easy,Mind,61,17,0.272,1
Easy,Health,63,19,0.7229,0
Easy,Strength,68,11,0.2062,1
